t3,release3
1.8000000000e+05,2.8224819028e-19
1.8360000000e+05,2.8254090501e-19
1.8720000000e+05,2.8282989824e-19
1.9080000000e+05,2.8311533375e-19
1.9440000000e+05,2.8339736366e-19
1.9800000000e+05,2.8367613021e-19
2.0160000000e+05,2.8395176731e-19
2.0520000000e+05,2.8422440190e-19
2.0880000000e+05,2.8449415520e-19
2.1240000000e+05,2.8476114379e-19
2.1600000000e+05,2.8502548073e-19
2.1960000000e+05,2.8528727649e-19
2.2320000000e+05,2.8554663989e-19
2.2680000000e+05,2.8580367907e-19
2.3040000000e+05,2.8605850233e-19
2.3400000000e+05,2.8631121906e-19
2.3760000000e+05,2.8656194064e-19
2.4120000000e+05,2.8681078136e-19
2.4480000000e+05,2.8705785937e-19
2.4840000000e+05,2.8730329762e-19
2.5200000000e+05,2.8754722491e-19
2.5560000000e+05,2.8778977688e-19
2.5920000000e+05,2.8803109717e-19
2.6280000000e+05,2.8827133847e-19
2.6640000000e+05,2.8851066380e-19
2.7000000000e+05,2.8874924767e-19
2.7360000000e+05,2.8898727743e-19
2.7720000000e+05,2.8922495463e-19
2.8080000000e+05,2.8946249642e-19
2.8440000000e+05,2.8970013705e-19
2.8800000000e+05,2.8993812944e-19
2.9160000000e+05,2.9017674679e-19
2.9520000000e+05,2.9041628425e-19
2.9880000000e+05,2.9065706073e-19
3.0240000000e+05,2.9089942071e-19
3.0600000000e+05,2.9114373611e-19
3.0960000000e+05,2.9139040835e-19
3.1320000000e+05,2.9163987029e-19
3.1680000000e+05,2.9189258844e-19
3.2040000000e+05,2.9214906510e-19
3.2400000000e+05,2.9240984066e-19
3.2760000000e+05,2.9267549588e-19
3.3120000000e+05,2.9294665432e-19
3.3480000000e+05,2.9322398481e-19
3.3840000000e+05,2.9350820399e-19
3.4200000000e+05,2.9380007889e-19
3.4560000000e+05,2.9410042959e-19
3.4920000000e+05,2.9441013196e-19
3.5280000000e+05,2.9473012045e-19
3.5640000000e+05,2.9506139092e-19
3.6000000000e+05,2.9540500352e-19
3.6360000000e+05,2.9576208569e-19
3.6720000000e+05,2.9613383510e-19
3.7080000000e+05,2.9652152274e-19
3.7440000000e+05,2.9692649601e-19
3.7800000000e+05,2.9735018185e-19
3.8160000000e+05,2.9779408990e-19
3.8520000000e+05,2.9825981575e-19
3.8880000000e+05,2.9874904417e-19
3.9240000000e+05,2.9926355236e-19
3.9600000000e+05,2.9980521330e-19
3.9960000000e+05,3.0037599906e-19
4.0320000000e+05,3.0097798415e-19
4.0680000000e+05,3.0161334888e-19
4.1040000000e+05,3.0228438276e-19
4.1400000000e+05,3.0299348788e-19
4.1760000000e+05,3.0374318232e-19
4.2120000000e+05,3.0453610356e-19
4.2480000000e+05,3.0537501188e-19
4.2840000000e+05,3.0626279376e-19
4.3200000000e+05,3.0720246529e-19
4.3560000000e+05,3.0819717556e-19
4.3920000000e+05,3.0925021005e-19
4.4280000000e+05,3.1036499397e-19
4.4640000000e+05,3.1154509562e-19
4.5000000000e+05,3.1279422973e-19
4.5360000000e+05,3.1411626073e-19
4.5720000000e+05,3.1551520605e-19
4.6080000000e+05,3.1699523933e-19
4.6440000000e+05,3.1856069369e-19
4.6800000000e+05,3.2021606483e-19
4.7160000000e+05,3.2196601420e-19
4.7520000000e+05,3.2381537212e-19
4.7880000000e+05,3.2576914076e-19
4.8240000000e+05,3.2783249720e-19
4.8600000000e+05,3.3001079637e-19
4.8960000000e+05,3.3230957393e-19
4.9320000000e+05,3.3473454914e-19
4.9680000000e+05,3.3729162762e-19
5.0040000000e+05,3.3998690413e-19
5.0400000000e+05,3.4282666518e-19
5.0760000000e+05,3.4581739172e-19
5.1120000000e+05,3.4896576158e-19
5.1480000000e+05,3.5227865207e-19
5.1840000000e+05,3.5576314229e-19
5.2200000000e+05,3.5942651551e-19
5.2560000000e+05,3.6327626148e-19
5.2920000000e+05,3.6732007857e-19
5.3280000000e+05,3.7156587592e-19
5.3640000000e+05,3.7602177551e-19
5.4000000000e+05,3.8069611412e-19
5.4360000000e+05,3.8559744521e-19
5.4720000000e+05,3.9073454079e-19
5.5080000000e+05,3.9611639314e-19
5.5440000000e+05,4.0175221643e-19
5.5800000000e+05,4.0765144840e-19
5.6160000000e+05,4.1382375178e-19
5.6520000000e+05,4.2027901573e-19
5.6880000000e+05,4.2702735724e-19
5.7240000000e+05,4.3407912230e-19
5.7600000000e+05,4.4144488713e-19
5.7960000000e+05,4.4913545927e-19
5.8320000000e+05,4.5716187859e-19
5.8680000000e+05,4.6553541821e-19
5.9040000000e+05,4.7426758535e-19
5.9400000000e+05,4.8337012210e-19
5.9760000000e+05,4.9285500610e-19
6.0120000000e+05,5.0273445113e-19
6.0480000000e+05,5.1302090764e-19
6.0840000000e+05,5.2372706318e-19
6.1200000000e+05,5.3486584276e-19
6.1560000000e+05,5.4645040913e-19
6.1920000000e+05,5.5849416294e-19
6.2280000000e+05,5.7101074289e-19
6.2640000000e+05,5.8401402576e-19
6.3000000000e+05,5.9751812636e-19
6.3360000000e+05,6.1153739740e-19
6.3720000000e+05,6.2608642932e-19
6.4080000000e+05,6.4118004998e-19
6.4440000000e+05,6.5683332435e-19
6.4800000000e+05,6.7306155404e-19
6.5160000000e+05,6.8988027685e-19
6.5520000000e+05,7.0730526617e-19
6.5880000000e+05,7.2535253035e-19
6.6240000000e+05,7.4403831200e-19
6.6600000000e+05,7.6337908717e-19
6.6960000000e+05,7.8339156455e-19
6.7320000000e+05,8.0409268451e-19
6.7680000000e+05,8.2549961815e-19
6.8040000000e+05,8.4762976622e-19
6.8400000000e+05,8.7050075806e-19
6.8760000000e+05,8.9413045035e-19
6.9120000000e+05,9.1853692595e-19
6.9480000000e+05,9.4373849253e-19
6.9840000000e+05,9.6975368130e-19
7.0200000000e+05,9.9660124550e-19
7.0560000000e+05,1.0243001590e-18
7.0920000000e+05,1.0528696148e-18
7.1280000000e+05,1.0823290233e-18
7.1640000000e+05,1.1126980109e-18
7.2000000000e+05,1.1439964181e-18
7.2360000000e+05,1.1762442979e-18
7.2720000000e+05,1.2094619139e-18
7.3080000000e+05,1.2436697387e-18
7.3440000000e+05,1.2788884517e-18
7.3800000000e+05,1.3151389374e-18
7.4160000000e+05,1.3524422835e-18
7.4520000000e+05,1.3908197787e-18
7.4880000000e+05,1.4302929106e-18
7.5240000000e+05,1.4708833640e-18
7.5600000000e+05,1.5126130182e-18
7.5960000000e+05,1.5555039456e-18
7.6320000000e+05,1.5995784087e-18
7.6680000000e+05,1.6448588582e-18
7.7040000000e+05,1.6913679311e-18
7.7400000000e+05,1.7391284478e-18
7.7760000000e+05,1.7881634101e-18
7.8120000000e+05,1.8384959987e-18
7.8480000000e+05,1.8901495711e-18
7.8840000000e+05,1.9431476588e-18
7.9200000000e+05,1.9975139651e-18
7.9560000000e+05,2.0532723626e-18
7.9920000000e+05,2.1104468906e-18
8.0280000000e+05,2.1690617529e-18
8.0640000000e+05,2.2291413149e-18
8.1000000000e+05,2.2907101011e-18
8.1360000000e+05,2.3537927928e-18
8.1720000000e+05,2.4184142254e-18
8.2080000000e+05,2.4845993857e-18
8.2440000000e+05,2.5523734091e-18
8.2800000000e+05,2.6217615776e-18
8.3160000000e+05,2.6927893165e-18
8.3520000000e+05,2.7654821921e-18
8.3880000000e+05,2.8398659088e-18
8.4240000000e+05,2.9159663067e-18
8.4600000000e+05,2.9938093587e-18
8.4960000000e+05,3.0734211679e-18
8.5320000000e+05,3.1548279648e-18
8.5680000000e+05,3.2380561048e-18
8.6040000000e+05,3.3231320651e-18
8.6400000000e+05,3.4100824424e-18
8.6760000000e+05,3.4989339500e-18
8.7120000000e+05,3.5897134149e-18
8.7480000000e+05,3.6824477756e-18
8.7840000000e+05,3.7771640785e-18
8.8200000000e+05,3.8738894762e-18
8.8560000000e+05,3.9726512239e-18
8.8920000000e+05,4.0734766772e-18
8.9280000000e+05,4.1763932891e-18
8.9640000000e+05,4.2814286075e-18
9.0000000000e+05,4.3886102723e-18
9.0360000000e+05,4.4979660127e-18
9.0720000000e+05,4.6095236447e-18
9.1080000000e+05,4.7233110681e-18
9.1440000000e+05,4.8393562639e-18
9.1800000000e+05,4.9576872919e-18
9.2160000000e+05,5.0783322874e-18
9.2520000000e+05,5.2013194593e-18
9.2880000000e+05,5.3266770868e-18
9.3240000000e+05,5.4544335169e-18
9.3600000000e+05,5.5846171621e-18
9.3960000000e+05,5.7172564972e-18
9.4320000000e+05,5.8523800573e-18
9.4680000000e+05,5.9900164345e-18
9.5040000000e+05,6.1301942761e-18
9.5400000000e+05,6.2729422811e-18
9.5760000000e+05,6.4182891985e-18
9.6120000000e+05,6.5662638241e-18
9.6480000000e+05,6.7168949984e-18
9.6840000000e+05,6.8702116036e-18
9.7200000000e+05,7.0262425616e-18
