t1,t2,t3,t4,release1,release2,release3,release4
1.8000000000e+05,1.8000000000e+05,1.8000000000e+05,1.8000000000e+05,2.9025045691e-19,2.8673526255e-19,2.8316914248e-19,2.7277526575e-12
1.8180000000e+05,1.8180000000e+05,1.8180000000e+05,1.8180000000e+05,2.9042014981e-19,2.8689154571e-19,2.8331557687e-19,2.7258479175e-12
1.8360000000e+05,1.8360000000e+05,1.8360000000e+05,1.8360000000e+05,2.9058906321e-19,2.8704693435e-19,2.8346107241e-19,2.7240085344e-12
1.8540000000e+05,1.8540000000e+05,1.8540000000e+05,1.8540000000e+05,2.9075722973e-19,2.8720144481e-19,2.8360564876e-19,2.7222309039e-12
1.8720000000e+05,1.8720000000e+05,1.8720000000e+05,1.8720000000e+05,2.9092468331e-19,2.8735509309e-19,2.8374932480e-19,2.7205116618e-12
1.8900000000e+05,1.8900000000e+05,1.8900000000e+05,1.8900000000e+05,2.9109145943e-19,2.8750789489e-19,2.8389211867e-19,2.7188476666e-12
1.9080000000e+05,1.9080000000e+05,1.9080000000e+05,1.9080000000e+05,2.9125759524e-19,2.8765986558e-19,2.8403404784e-19,2.7172359836e-12
1.9260000000e+05,1.9260000000e+05,1.9260000000e+05,1.9260000000e+05,2.9142312975e-19,2.8781102033e-19,2.8417512909e-19,2.7156738699e-12
1.9440000000e+05,1.9440000000e+05,1.9440000000e+05,1.9440000000e+05,2.9158810398e-19,2.8796137404e-19,2.8431537862e-19,2.7141587610e-12
1.9620000000e+05,1.9620000000e+05,1.9620000000e+05,1.9620000000e+05,2.9175256119e-19,2.8811094143e-19,2.8445481204e-19,2.7126882579e-12
1.9800000000e+05,1.9800000000e+05,1.9800000000e+05,1.9800000000e+05,2.9191654706e-19,2.8825973703e-19,2.8459344445e-19,2.7112601155e-12
1.9980000000e+05,1.9980000000e+05,1.9980000000e+05,1.9980000000e+05,2.9208010990e-19,2.8840777527e-19,2.8473129040e-19,2.7098722317e-12
2.0160000000e+05,2.0160000000e+05,2.0160000000e+05,2.0160000000e+05,2.9224330087e-19,2.8855507044e-19,2.8486836398e-19,2.7085226374e-12
2.0340000000e+05,2.0340000000e+05,2.0340000000e+05,2.0340000000e+05,2.9240617418e-19,2.8870163676e-19,2.8500467882e-19,2.7072094869e-12
2.0520000000e+05,2.0520000000e+05,2.0520000000e+05,2.0520000000e+05,2.9256878739e-19,2.8884748842e-19,2.8514024814e-19,2.7059310497e-12
2.0700000000e+05,2.0700000000e+05,2.0700000000e+05,2.0700000000e+05,2.9273120158e-19,2.8899263959e-19,2.8527508472e-19,2.7046857023e-12
2.0880000000e+05,2.0880000000e+05,2.0880000000e+05,2.0880000000e+05,2.9289348167e-19,2.8913710446e-19,2.8540920098e-19,2.7034719208e-12
2.1060000000e+05,2.1060000000e+05,2.1060000000e+05,2.1060000000e+05,2.9305569666e-19,2.8928089728e-19,2.8554260898e-19,2.7022882737e-12
2.1240000000e+05,2.1240000000e+05,2.1240000000e+05,2.1240000000e+05,2.9321791991e-19,2.8942403240e-19,2.8567532041e-19,2.7011334163e-12
2.1420000000e+05,2.1420000000e+05,2.1420000000e+05,2.1420000000e+05,2.9338022943e-19,2.8956652430e-19,2.8580734667e-19,2.7000060840e-12
2.1600000000e+05,2.1600000000e+05,2.1600000000e+05,2.1600000000e+05,2.9354270820e-19,2.8970838763e-19,2.8593869882e-19,2.6989050874e-12
2.1780000000e+05,2.1780000000e+05,2.1780000000e+05,2.1780000000e+05,2.9370544444e-19,2.8984963725e-19,2.8606938764e-19,2.6978293068e-12
2.1960000000e+05,2.1960000000e+05,2.1960000000e+05,2.1960000000e+05,2.9386853199e-19,2.8999028827e-19,2.8619942364e-19,2.6967776878e-12
2.2140000000e+05,2.2140000000e+05,2.2140000000e+05,2.2140000000e+05,2.9403207061e-19,2.9013035609e-19,2.8632881707e-19,2.6957492367e-12
2.2320000000e+05,2.2320000000e+05,2.2320000000e+05,2.2320000000e+05,2.9419616632e-19,2.9026985646e-19,2.8645757790e-19,2.6947430166e-12
2.2500000000e+05,2.2500000000e+05,2.2500000000e+05,2.2500000000e+05,2.9436093179e-19,2.9040880551e-19,2.8658571591e-19,2.6937581436e-12
2.2680000000e+05,2.2680000000e+05,2.2680000000e+05,2.2680000000e+05,2.9452648670e-19,2.9054721982e-19,2.8671324062e-19,2.6927937831e-12
2.2860000000e+05,2.2860000000e+05,2.2860000000e+05,2.2860000000e+05,2.9469295810e-19,2.9068511644e-19,2.8684016138e-19,2.6918491469e-12
2.3040000000e+05,2.3040000000e+05,2.3040000000e+05,2.3040000000e+05,2.9486048085e-19,2.9082251295e-19,2.8696648732e-19,2.6909234899e-12
2.3220000000e+05,2.3220000000e+05,2.3220000000e+05,2.3220000000e+05,2.9502919799e-19,2.9095942754e-19,2.8709222737e-19,2.6900161074e-12
2.3400000000e+05,2.3400000000e+05,2.3400000000e+05,2.3400000000e+05,2.9519926118e-19,2.9109587904e-19,2.8721739033e-19,2.6891263326e-12
2.3580000000e+05,2.3580000000e+05,2.3580000000e+05,2.3580000000e+05,2.9537083111e-19,2.9123188699e-19,2.8734198480e-19,2.6882535339e-12
2.3760000000e+05,2.3760000000e+05,2.3760000000e+05,2.3760000000e+05,2.9554407798e-19,2.9136747170e-19,2.8746601925e-19,2.6873971128e-12
2.3940000000e+05,2.3940000000e+05,2.3940000000e+05,2.3940000000e+05,2.9571918194e-19,2.9150265431e-19,2.8758950200e-19,2.6865565019e-12
2.4120000000e+05,2.4120000000e+05,2.4120000000e+05,2.4120000000e+05,2.9589633353e-19,2.9163745686e-19,2.8771244126e-19,2.6857311628e-12
2.4300000000e+05,2.4300000000e+05,2.4300000000e+05,2.4300000000e+05,2.9607573421e-19,2.9177190236e-19,2.8783484511e-19,2.6849205843e-12
2.4480000000e+05,2.4480000000e+05,2.4480000000e+05,2.4480000000e+05,2.9625759682e-19,2.9190601485e-19,2.8795672151e-19,2.6841242807e-12
2.4660000000e+05,2.4660000000e+05,2.4660000000e+05,2.4660000000e+05,2.9644214610e-19,2.9203981950e-19,2.8807807834e-19,2.6833417906e-12
2.4840000000e+05,2.4840000000e+05,2.4840000000e+05,2.4840000000e+05,2.9662961920e-19,2.9217334265e-19,2.8819892341e-19,2.6825726746e-12
2.5020000000e+05,2.5020000000e+05,2.5020000000e+05,2.5020000000e+05,2.9682026620e-19,2.9230661192e-19,2.8831926441e-19,2.6818165148e-12
2.5200000000e+05,2.5200000000e+05,2.5200000000e+05,2.5200000000e+05,2.9701435068e-19,2.9243965629e-19,2.8843910902e-19,2.6810729129e-12
2.5380000000e+05,2.5380000000e+05,2.5380000000e+05,2.5380000000e+05,2.9721215022e-19,2.9257250615e-19,2.8855846483e-19,2.6803414895e-12
2.5560000000e+05,2.5560000000e+05,2.5560000000e+05,2.5560000000e+05,2.9741395703e-19,2.9270519346e-19,2.8867733940e-19,2.6796218827e-12
2.5740000000e+05,2.5740000000e+05,2.5740000000e+05,2.5740000000e+05,2.9762007847e-19,2.9283775175e-19,2.8879574027e-19,2.6789137470e-12
2.5920000000e+05,2.5920000000e+05,2.5920000000e+05,2.5920000000e+05,2.9783083765e-19,2.9297021630e-19,2.8891367494e-19,2.6782167525e-12
2.6100000000e+05,2.6100000000e+05,2.6100000000e+05,2.6100000000e+05,2.9804657404e-19,2.9310262419e-19,2.8903115092e-19,2.6775305841e-12
2.6280000000e+05,2.6280000000e+05,2.6280000000e+05,2.6280000000e+05,2.9826764404e-19,2.9323501440e-19,2.8914817573e-19,2.6768549404e-12
2.6460000000e+05,2.6460000000e+05,2.6460000000e+05,2.6460000000e+05,2.9849442167e-19,2.9336742794e-19,2.8926475688e-19,2.6761895330e-12
2.6640000000e+05,2.6640000000e+05,2.6640000000e+05,2.6640000000e+05,2.9872729909e-19,2.9349990793e-19,2.8938090194e-19,2.6755340860e-12
2.6820000000e+05,2.6820000000e+05,2.6820000000e+05,2.6820000000e+05,2.9896668733e-19,2.9363249976e-19,2.8949661851e-19,2.6748883348e-12
2.7000000000e+05,2.7000000000e+05,2.7000000000e+05,2.7000000000e+05,2.9921301691e-19,2.9376525113e-19,2.8961191424e-19,2.6742520261e-12
2.7180000000e+05,2.7180000000e+05,2.7180000000e+05,2.7180000000e+05,2.9946673845e-19,2.9389821222e-19,2.8972679685e-19,2.6736249166e-12
2.7360000000e+05,2.7360000000e+05,2.7360000000e+05,2.7360000000e+05,2.9972832339e-19,2.9403143583e-19,2.8984127417e-19,2.6730067732e-12
2.7540000000e+05,2.7540000000e+05,2.7540000000e+05,2.7540000000e+05,2.9999826466e-19,2.9416497743e-19,2.8995535408e-19,2.6723973717e-12
2.7720000000e+05,2.7720000000e+05,2.7720000000e+05,2.7720000000e+05,3.0027707731e-19,2.9429889536e-19,2.9006904462e-19,2.6717964970e-12
2.7900000000e+05,2.7900000000e+05,2.7900000000e+05,2.7900000000e+05,3.0056529925e-19,2.9443325094e-19,2.9018235391e-19,2.6712039422e-12
2.8080000000e+05,2.8080000000e+05,2.8080000000e+05,2.8080000000e+05,3.0086349195e-19,2.9456810858e-19,2.9029529026e-19,2.6706195082e-12
2.8260000000e+05,2.8260000000e+05,2.8260000000e+05,2.8260000000e+05,3.0117224110e-19,2.9470353598e-19,2.9040786210e-19,2.6700430035e-12
2.8440000000e+05,2.8440000000e+05,2.8440000000e+05,2.8440000000e+05,3.0149215735e-19,2.9483960419e-19,2.9052007805e-19,2.6694742436e-12
2.8620000000e+05,2.8620000000e+05,2.8620000000e+05,2.8620000000e+05,3.0182387704e-19,2.9497638783e-19,2.9063194694e-19,2.6689130509e-12
2.8800000000e+05,2.8800000000e+05,2.8800000000e+05,2.8800000000e+05,3.0216806289e-19,2.9511396521e-19,2.9074347778e-19,2.6683592539e-12
2.8980000000e+05,2.8980000000e+05,2.8980000000e+05,2.8980000000e+05,3.0252540478e-19,2.9525241847e-19,2.9085467982e-19,2.6678126876e-12
2.9160000000e+05,2.9160000000e+05,2.9160000000e+05,2.9160000000e+05,3.0289662044e-19,2.9539183378e-19,2.9096556256e-19,2.6672731924e-12
2.9340000000e+05,2.9340000000e+05,2.9340000000e+05,2.9340000000e+05,3.0328245620e-19,2.9553230145e-19,2.9107613576e-19,2.6667406145e-12
2.9520000000e+05,2.9520000000e+05,2.9520000000e+05,2.9520000000e+05,3.0368368776e-19,2.9567391614e-19,2.9118640949e-19,2.6662148052e-12
2.9700000000e+05,2.9700000000e+05,2.9700000000e+05,2.9700000000e+05,3.0410112094e-19,2.9581677699e-19,2.9129639408e-19,2.6656956207e-12
2.9880000000e+05,2.9880000000e+05,2.9880000000e+05,2.9880000000e+05,3.0453559239e-19,2.9596098783e-19,2.9140610024e-19,2.6651829223e-12
3.0060000000e+05,3.0060000000e+05,3.0060000000e+05,3.0060000000e+05,3.0498797040e-19,2.9610665732e-19,2.9151553899e-19,2.6646765755e-12
3.0240000000e+05,3.0240000000e+05,3.0240000000e+05,3.0240000000e+05,3.0545915565e-19,2.9625389916e-19,2.9162472175e-19,2.6641764502e-12
3.0420000000e+05,3.0420000000e+05,3.0420000000e+05,3.0420000000e+05,3.0595008195e-19,2.9640283226e-19,2.9173366032e-19,2.6636824207e-12
3.0600000000e+05,3.0600000000e+05,3.0600000000e+05,3.0600000000e+05,3.0646171704e-19,2.9655358091e-19,2.9184236692e-19,2.6631943649e-12
3.0780000000e+05,3.0780000000e+05,3.0780000000e+05,3.0780000000e+05,3.0699506333e-19,2.9670627502e-19,2.9195085422e-19,2.6627121647e-12
3.0960000000e+05,3.0960000000e+05,3.0960000000e+05,3.0960000000e+05,3.0755115870e-19,2.9686105024e-19,2.9205913536e-19,2.6622357056e-12
3.1140000000e+05,3.1140000000e+05,3.1140000000e+05,3.1140000000e+05,3.0813107726e-19,2.9701804823e-19,2.9216722399e-19,2.6617648765e-12
3.1320000000e+05,3.1320000000e+05,3.1320000000e+05,3.1320000000e+05,3.0873593010e-19,2.9717741682e-19,2.9227513426e-19,2.6612995697e-12
3.1500000000e+05,3.1500000000e+05,3.1500000000e+05,3.1500000000e+05,3.0936686611e-19,2.9733931022e-19,2.9238288088e-19,2.6608396806e-12
3.1680000000e+05,3.1680000000e+05,3.1680000000e+05,3.1680000000e+05,3.1002507273e-19,2.9750388923e-19,2.9249047915e-19,2.6603851076e-12
3.1860000000e+05,3.1860000000e+05,3.1860000000e+05,3.1860000000e+05,3.1071177669e-19,2.9767132146e-19,2.9259794497e-19,2.6599357521e-12
3.2040000000e+05,3.2040000000e+05,3.2040000000e+05,3.2040000000e+05,3.1142824485e-19,2.9784178152e-19,2.9270529488e-19,2.6594915184e-12
3.2220000000e+05,3.2220000000e+05,3.2220000000e+05,3.2220000000e+05,3.1217578492e-19,2.9801545127e-19,2.9281254611e-19,2.6590523133e-12
3.2400000000e+05,3.2400000000e+05,3.2400000000e+05,3.2400000000e+05,3.1295574626e-19,2.9819252002e-19,2.9291971656e-19,2.6586180462e-12
3.2580000000e+05,3.2580000000e+05,3.2580000000e+05,3.2580000000e+05,3.1376952062e-19,2.9837318475e-19,2.9302682491e-19,2.6581886291e-12
3.2760000000e+05,3.2760000000e+05,3.2760000000e+05,3.2760000000e+05,3.1461854293e-19,2.9855765035e-19,2.9313389056e-19,2.6577639763e-12
3.2940000000e+05,3.2940000000e+05,3.2940000000e+05,3.2940000000e+05,3.1550429204e-19,2.9874612986e-19,2.9324093377e-19,2.6573440045e-12
3.3120000000e+05,3.3120000000e+05,3.3120000000e+05,3.3120000000e+05,3.1642829151e-19,2.9893884465e-19,2.9334797559e-19,2.6569286325e-12
3.3300000000e+05,3.3300000000e+05,3.3300000000e+05,3.3300000000e+05,3.1739211033e-19,2.9913602472e-19,2.9345503799e-19,2.6565177812e-12
3.3480000000e+05,3.3480000000e+05,3.3480000000e+05,3.3480000000e+05,3.1839736372e-19,2.9933790892e-19,2.9356214383e-19,2.6561113736e-12
3.3660000000e+05,3.3660000000e+05,3.3660000000e+05,3.3660000000e+05,3.1944571381e-19,2.9954474516e-19,2.9366931694e-19,2.6557093347e-12
3.3840000000e+05,3.3840000000e+05,3.3840000000e+05,3.3840000000e+05,3.2053887045e-19,2.9975679068e-19,2.9377658211e-19,2.6553115914e-12
3.4020000000e+05,3.4020000000e+05,3.4020000000e+05,3.4020000000e+05,3.2167859190e-19,2.9997431231e-19,2.9388396522e-19,2.6549180724e-12
3.4200000000e+05,3.4200000000e+05,3.4200000000e+05,3.4200000000e+05,3.2286668561e-19,3.0019758668e-19,2.9399149318e-19,2.6545287082e-12
3.4380000000e+05,3.4380000000e+05,3.4380000000e+05,3.4380000000e+05,3.2410500888e-19,3.0042690052e-19,2.9409919403e-19,2.6541434310e-12
3.4560000000e+05,3.4560000000e+05,3.4560000000e+05,3.4560000000e+05,3.2539546965e-19,3.0066255086e-19,2.9420709697e-19,2.6537621746e-12
3.4740000000e+05,3.4740000000e+05,3.4740000000e+05,3.4740000000e+05,3.2674002718e-19,3.0090484534e-19,2.9431523242e-19,2.6533848745e-12
3.4920000000e+05,3.4920000000e+05,3.4920000000e+05,3.4920000000e+05,3.2814069276e-19,3.0115410243e-19,2.9442363203e-19,2.6530114676e-12
3.5100000000e+05,3.5100000000e+05,3.5100000000e+05,3.5100000000e+05,3.2959953039e-19,3.0141065170e-19,2.9453232875e-19,2.6526418924e-12
3.5280000000e+05,3.5280000000e+05,3.5280000000e+05,3.5280000000e+05,3.3111865753e-19,3.0167483409e-19,2.9464135690e-19,2.6522760888e-12
3.5460000000e+05,3.5460000000e+05,3.5460000000e+05,3.5460000000e+05,3.3270024573e-19,3.0194700218e-19,2.9475075216e-19,2.6519139981e-12
3.5640000000e+05,3.5640000000e+05,3.5640000000e+05,3.5640000000e+05,3.3434652132e-19,3.0222752044e-19,2.9486055166e-19,2.6515555629e-12
3.5820000000e+05,3.5820000000e+05,3.5820000000e+05,3.5820000000e+05,3.3605976611e-19,3.0251676550e-19,2.9497079405e-19,2.6512007272e-12
3.6000000000e+05,3.6000000000e+05,3.6000000000e+05,3.6000000000e+05,3.3784231800e-19,3.0281512643e-19,2.9508151947e-19,2.6508494363e-12
3.6180000000e+05,3.6180000000e+05,3.6180000000e+05,3.6180000000e+05,3.3969657167e-19,3.0312300502e-19,2.9519276972e-19,2.6505016365e-12
3.6360000000e+05,3.6360000000e+05,3.6360000000e+05,3.6360000000e+05,3.4162497920e-19,3.0344081602e-19,2.9530458820e-19,2.6501572755e-12
3.6540000000e+05,3.6540000000e+05,3.6540000000e+05,3.6540000000e+05,3.4363005073e-19,3.0376898744e-19,2.9541702003e-19,2.6498163020e-12
3.6720000000e+05,3.6720000000e+05,3.6720000000e+05,3.6720000000e+05,3.4571435503e-19,3.0410796085e-19,2.9553011210e-19,2.6494786660e-12
3.6900000000e+05,3.6900000000e+05,3.6900000000e+05,3.6900000000e+05,3.4788052017e-19,3.0445819158e-19,2.9564391311e-19,2.6491443185e-12
3.7080000000e+05,3.7080000000e+05,3.7080000000e+05,3.7080000000e+05,3.5013123409e-19,3.0482014909e-19,2.9575847363e-19,2.6488132114e-12
3.7260000000e+05,3.7260000000e+05,3.7260000000e+05,3.7260000000e+05,3.5246924519e-19,3.0519431718e-19,2.9587384616e-19,2.6484852978e-12
3.7440000000e+05,3.7440000000e+05,3.7440000000e+05,3.7440000000e+05,3.5489736292e-19,3.0558119430e-19,2.9599008520e-19,2.6481605318e-12
3.7620000000e+05,3.7620000000e+05,3.7620000000e+05,3.7620000000e+05,3.5741845837e-19,3.0598129383e-19,2.9610724730e-19,2.6478388683e-12
3.7800000000e+05,3.7800000000e+05,3.7800000000e+05,3.7800000000e+05,3.6003546478e-19,3.0639514437e-19,2.9622539113e-19,2.6475202634e-12
3.7980000000e+05,3.7980000000e+05,3.7980000000e+05,3.7980000000e+05,3.6275137811e-19,3.0682328999e-19,2.9634457753e-19,2.6472046737e-12
3.8160000000e+05,3.8160000000e+05,3.8160000000e+05,3.8160000000e+05,3.6556925761e-19,3.0726629056e-19,2.9646486956e-19,2.6468920571e-12
3.8340000000e+05,3.8340000000e+05,3.8340000000e+05,3.8340000000e+05,3.6849222629e-19,3.0772472198e-19,2.9658633264e-19,2.6465823721e-12
3.8520000000e+05,3.8520000000e+05,3.8520000000e+05,3.8520000000e+05,3.7152347144e-19,3.0819917651e-19,2.9670903450e-19,2.6462755782e-12
3.8700000000e+05,3.8700000000e+05,3.8700000000e+05,3.8700000000e+05,3.7466624518e-19,3.0869026303e-19,2.9683304534e-19,2.6459716356e-12
3.8880000000e+05,3.8880000000e+05,3.8880000000e+05,3.8880000000e+05,3.7792386488e-19,3.0919860733e-19,2.9695843786e-19,2.6456705052e-12
3.9060000000e+05,3.9060000000e+05,3.9060000000e+05,3.9060000000e+05,3.8129971367e-19,3.0972485240e-19,2.9708528734e-19,2.6453721489e-12
3.9240000000e+05,3.9240000000e+05,3.9240000000e+05,3.9240000000e+05,3.8479724091e-19,3.1026965870e-19,2.9721367169e-19,2.6450765293e-12
3.9420000000e+05,3.9420000000e+05,3.9420000000e+05,3.9420000000e+05,3.8841996259e-19,3.1083370445e-19,2.9734367153e-19,2.6447836095e-12
3.9600000000e+05,3.9600000000e+05,3.9600000000e+05,3.9600000000e+05,3.9217146185e-19,3.1141768593e-19,2.9747537028e-19,2.6444933535e-12
3.9780000000e+05,3.9780000000e+05,3.9780000000e+05,3.9780000000e+05,3.9605538931e-19,3.1202231773e-19,2.9760885422e-19,2.6442057261e-12
3.9960000000e+05,3.9960000000e+05,3.9960000000e+05,3.9960000000e+05,4.0007546355e-19,3.1264833306e-19,2.9774421253e-19,2.6439206925e-12
4.0140000000e+05,4.0140000000e+05,4.0140000000e+05,4.0140000000e+05,4.0423547147e-19,3.1329648403e-19,2.9788153743e-19,2.6436382188e-12
4.0320000000e+05,4.0320000000e+05,4.0320000000e+05,4.0320000000e+05,4.0853926868e-19,3.1396754192e-19,2.9802092420e-19,2.6433582715e-12
4.0500000000e+05,4.0500000000e+05,4.0500000000e+05,4.0500000000e+05,4.1299077987e-19,3.1466229748e-19,2.9816247128e-19,2.6430808179e-12
4.0680000000e+05,4.0680000000e+05,4.0680000000e+05,4.0680000000e+05,4.1759399918e-19,3.1538156116e-19,2.9830628035e-19,2.6428058258e-12
4.0860000000e+05,4.0860000000e+05,4.0860000000e+05,4.0860000000e+05,4.2235299052e-19,3.1612616348e-19,2.9845245637e-19,2.6425332639e-12
4.1040000000e+05,4.1040000000e+05,4.1040000000e+05,4.1040000000e+05,4.2727188792e-19,3.1689695521e-19,2.9860110774e-19,2.6422631009e-12
4.1220000000e+05,4.1220000000e+05,4.1220000000e+05,4.1220000000e+05,4.3235489583e-19,3.1769480770e-19,2.9875234628e-19,2.6419953067e-12
4.1400000000e+05,4.1400000000e+05,4.1400000000e+05,4.1400000000e+05,4.3760628941e-19,3.1852061318e-19,2.9890628739e-19,2.6417298512e-12
4.1580000000e+05,4.1580000000e+05,4.1580000000e+05,4.1580000000e+05,4.4303041485e-19,3.1937528495e-19,2.9906305008e-19,2.6414667052e-12
4.1760000000e+05,4.1760000000e+05,4.1760000000e+05,4.1760000000e+05,4.4863168962e-19,3.2025975774e-19,2.9922275708e-19,2.6412058399e-12
4.1940000000e+05,4.1940000000e+05,4.1940000000e+05,4.1940000000e+05,4.5441460274e-19,3.2117498793e-19,2.9938553492e-19,2.6409472270e-12
4.2120000000e+05,4.2120000000e+05,4.2120000000e+05,4.2120000000e+05,4.6038371501e-19,3.2212195386e-19,2.9955151399e-19,2.6406908387e-12
4.2300000000e+05,4.2300000000e+05,4.2300000000e+05,4.2300000000e+05,4.6654365925e-19,3.2310165604e-19,2.9972082866e-19,2.6404366478e-12
4.2480000000e+05,4.2480000000e+05,4.2480000000e+05,4.2480000000e+05,4.7289914054e-19,3.2411511747e-19,2.9989361735e-19,2.6401846274e-12
4.2660000000e+05,4.2660000000e+05,4.2660000000e+05,4.2660000000e+05,4.7945493637e-19,3.2516338389e-19,3.0007002258e-19,2.6399347511e-12
4.2840000000e+05,4.2840000000e+05,4.2840000000e+05,4.2840000000e+05,4.8621589688e-19,3.2624752403e-19,3.0025019112e-19,2.6396869931e-12
4.3020000000e+05,4.3020000000e+05,4.3020000000e+05,4.3020000000e+05,4.9318694502e-19,3.2736862988e-19,3.0043427405e-19,2.6394413280e-12
4.3200000000e+05,4.3200000000e+05,4.3200000000e+05,4.3200000000e+05,5.0037307670e-19,3.2852781694e-19,3.0062242681e-19,2.6391977306e-12
4.3380000000e+05,4.3380000000e+05,4.3380000000e+05,4.3380000000e+05,5.0777936093e-19,3.2972622451e-19,3.0081480935e-19,2.6389561765e-12
4.3560000000e+05,4.3560000000e+05,4.3560000000e+05,4.3560000000e+05,5.1541094000e-19,3.3096501589e-19,3.0101158618e-19,2.6387166414e-12
4.3740000000e+05,4.3740000000e+05,4.3740000000e+05,4.3740000000e+05,5.2327302953e-19,3.3224537867e-19,3.0121292648e-19,2.6384791015e-12
4.3920000000e+05,4.3920000000e+05,4.3920000000e+05,4.3920000000e+05,5.3137091865e-19,3.3356852499e-19,3.0141900416e-19,2.6382435336e-12
4.4100000000e+05,4.4100000000e+05,4.4100000000e+05,4.4100000000e+05,5.3970997003e-19,3.3493569173e-19,3.0162999801e-19,2.6380099145e-12
4.4280000000e+05,4.4280000000e+05,4.4280000000e+05,4.4280000000e+05,5.4829561998e-19,3.3634814082e-19,3.0184609170e-19,2.6377782218e-12
4.4460000000e+05,4.4460000000e+05,4.4460000000e+05,4.4460000000e+05,5.5713337853e-19,3.3780715944e-19,3.0206747397e-19,2.6375484331e-12
4.4640000000e+05,4.4640000000e+05,4.4640000000e+05,4.4640000000e+05,5.6622882946e-19,3.3931406029e-19,3.0229433866e-19,2.6373205267e-12
4.4820000000e+05,4.4820000000e+05,4.4820000000e+05,4.4820000000e+05,5.7558763035e-19,3.4087018178e-19,3.0252688481e-19,2.6370944810e-12
4.5000000000e+05,4.5000000000e+05,4.5000000000e+05,4.5000000000e+05,5.8521551259e-19,3.4247688832e-19,3.0276531679e-19,2.6368702747e-12
4.5180000000e+05,4.5180000000e+05,4.5180000000e+05,4.5180000000e+05,5.9511828138e-19,3.4413557051e-19,3.0300984433e-19,2.6366478872e-12
4.5360000000e+05,4.5360000000e+05,4.5360000000e+05,4.5360000000e+05,6.0530181578e-19,3.4584764538e-19,3.0326068269e-19,2.6364272979e-12
4.5540000000e+05,4.5540000000e+05,4.5540000000e+05,4.5540000000e+05,6.1577206863e-19,3.4761455662e-19,3.0351805270e-19,2.6362084867e-12
4.5720000000e+05,4.5720000000e+05,4.5720000000e+05,4.5720000000e+05,6.2653506655e-19,3.4943777479e-19,3.0378218085e-19,2.6359914337e-12
4.5900000000e+05,4.5900000000e+05,4.5900000000e+05,4.5900000000e+05,6.3759690989e-19,3.5131879757e-19,3.0405329945e-19,2.6357761194e-12
4.6080000000e+05,4.6080000000e+05,4.6080000000e+05,4.6080000000e+05,6.4896377270e-19,3.5325914991e-19,3.0433164664e-19,2.6355625246e-12
4.6260000000e+05,4.6260000000e+05,4.6260000000e+05,4.6260000000e+05,6.6064190260e-19,3.5526038431e-19,3.0461746656e-19,2.6353506303e-12
4.6440000000e+05,4.6440000000e+05,4.6440000000e+05,4.6440000000e+05,6.7263762076e-19,3.5732408101e-19,3.0491100941e-19,2.6351404179e-12
4.6620000000e+05,4.6620000000e+05,4.6620000000e+05,4.6620000000e+05,6.8495732178e-19,3.5945184817e-19,3.0521253153e-19,2.6349318691e-12
4.6800000000e+05,4.6800000000e+05,4.6800000000e+05,4.6800000000e+05,6.9760747358e-19,3.6164532208e-19,3.0552229554e-19,2.6347249659e-12
4.6980000000e+05,4.6980000000e+05,4.6980000000e+05,4.6980000000e+05,7.1059461727e-19,3.6390616738e-19,3.0584057041e-19,2.6345196904e-12
4.7160000000e+05,4.7160000000e+05,4.7160000000e+05,4.7160000000e+05,7.2392536707e-19,3.6623607726e-19,3.0616763157e-19,2.6343160252e-12
4.7340000000e+05,4.7340000000e+05,4.7340000000e+05,4.7340000000e+05,7.3760641007e-19,3.6863677359e-19,3.0650376098e-19,2.6341139529e-12
4.7520000000e+05,4.7520000000e+05,4.7520000000e+05,4.7520000000e+05,7.5164450619e-19,3.7111000720e-19,3.0684924729e-19,2.6339134568e-12
4.7700000000e+05,4.7700000000e+05,4.7700000000e+05,4.7700000000e+05,7.6604648792e-19,3.7365755798e-19,3.0720438584e-19,2.6337145199e-12
4.7880000000e+05,4.7880000000e+05,4.7880000000e+05,4.7880000000e+05,7.8081926016e-19,3.7628123510e-19,3.0756947887e-19,2.6335171259e-12
4.8060000000e+05,4.8060000000e+05,4.8060000000e+05,4.8060000000e+05,7.9596980008e-19,3.7898287719e-19,3.0794483554e-19,2.6333212584e-12
4.8240000000e+05,4.8240000000e+05,4.8240000000e+05,4.8240000000e+05,8.1150515684e-19,3.8176435252e-19,3.0833077203e-19,2.6331269017e-12
4.8420000000e+05,4.8420000000e+05,4.8420000000e+05,4.8420000000e+05,8.2743245144e-19,3.8462755912e-19,3.0872761170e-19,2.6329340398e-12
4.8600000000e+05,4.8600000000e+05,4.8600000000e+05,4.8600000000e+05,8.4375887643e-19,3.8757442501e-19,3.0913568512e-19,2.6327426573e-12
4.8780000000e+05,4.8780000000e+05,4.8780000000e+05,4.8780000000e+05,8.6049169575e-19,3.9060690831e-19,3.0955533021e-19,2.6325527388e-12
4.8960000000e+05,4.8960000000e+05,4.8960000000e+05,4.8960000000e+05,8.7763824441e-19,3.9372699743e-19,3.0998689232e-19,2.6323642694e-12
4.9140000000e+05,4.9140000000e+05,4.9140000000e+05,4.9140000000e+05,8.9520592826e-19,3.9693671121e-19,3.1043072434e-19,2.6321772342e-12
4.9320000000e+05,4.9320000000e+05,4.9320000000e+05,4.9320000000e+05,9.1320222374e-19,4.0023809907e-19,3.1088718678e-19,2.6319916185e-12
4.9500000000e+05,4.9500000000e+05,4.9500000000e+05,4.9500000000e+05,9.3163467755e-19,4.0363324115e-19,3.1135664789e-19,2.6318074079e-12
4.9680000000e+05,4.9680000000e+05,4.9680000000e+05,4.9680000000e+05,9.5051090642e-19,4.0712424848e-19,3.1183948375e-19,2.6316245882e-12
4.9860000000e+05,4.9860000000e+05,4.9860000000e+05,4.9860000000e+05,9.6983859675e-19,4.1071326308e-19,3.1233607835e-19,2.6314431455e-12
5.0040000000e+05,5.0040000000e+05,5.0040000000e+05,5.0040000000e+05,9.8962550434e-19,4.1440245810e-19,3.1284682372e-19,2.6312630658e-12
5.0220000000e+05,5.0220000000e+05,5.0220000000e+05,5.0220000000e+05,1.0098794540e-18,4.1819403799e-19,3.1337212002e-19,2.6310843357e-12
5.0400000000e+05,5.0400000000e+05,5.0400000000e+05,5.0400000000e+05,1.0306083394e-18,4.2209023856e-19,3.1391237560e-19,2.6309069415e-12
5.0580000000e+05,5.0580000000e+05,5.0580000000e+05,5.0580000000e+05,1.0518201225e-18,4.2609332716e-19,3.1446800716e-19,2.6307308702e-12
5.0760000000e+05,5.0760000000e+05,5.0760000000e+05,5.0760000000e+05,1.0735228334e-18,4.3020560277e-19,3.1503943978e-19,2.6305561087e-12
5.0940000000e+05,5.0940000000e+05,5.0940000000e+05,5.0940000000e+05,1.0957245696e-18,4.3442939610e-19,3.1562710709e-19,2.6303826441e-12
5.1120000000e+05,5.1120000000e+05,5.1120000000e+05,5.1120000000e+05,1.1184334962e-18,4.3876706972e-19,3.1623145129e-19,2.6302104638e-12
5.1300000000e+05,5.1300000000e+05,5.1300000000e+05,5.1300000000e+05,1.1416578453e-18,4.4322101819e-19,3.1685292331e-19,2.6300395551e-12
5.1480000000e+05,5.1480000000e+05,5.1480000000e+05,5.1480000000e+05,1.1654059152e-18,4.4779366808e-19,3.1749198287e-19,2.6298699058e-12
5.1660000000e+05,5.1660000000e+05,5.1660000000e+05,5.1660000000e+05,1.1896860707e-18,4.5248747815e-19,3.1814909858e-19,2.6297015037e-12
5.1840000000e+05,5.1840000000e+05,5.1840000000e+05,5.1840000000e+05,1.2145067421e-18,4.5730493940e-19,3.1882474805e-19,2.6295343369e-12
5.2020000000e+05,5.2020000000e+05,5.2020000000e+05,5.2020000000e+05,1.2398764252e-18,4.6224857516e-19,3.1951941798e-19,2.6293683933e-12
5.2200000000e+05,5.2200000000e+05,5.2200000000e+05,5.2200000000e+05,1.2658036807e-18,4.6732094119e-19,3.2023360424e-19,2.6292036615e-12
5.2380000000e+05,5.2380000000e+05,5.2380000000e+05,5.2380000000e+05,1.2922971336e-18,4.7252462575e-19,3.2096781198e-19,2.6290401298e-12
5.2560000000e+05,5.2560000000e+05,5.2560000000e+05,5.2560000000e+05,1.3193654733e-18,4.7786224965e-19,3.2172255570e-19,2.6288777870e-12
5.2740000000e+05,5.2740000000e+05,5.2740000000e+05,5.2740000000e+05,1.3470174525e-18,4.8333646637e-19,3.2249835940e-19,2.6287166217e-12
5.2920000000e+05,5.2920000000e+05,5.2920000000e+05,5.2920000000e+05,1.3752618871e-18,4.8894996210e-19,3.2329575660e-19,2.6285566229e-12
5.3100000000e+05,5.3100000000e+05,5.3100000000e+05,5.3100000000e+05,1.4041076559e-18,4.9470545581e-19,3.2411529049e-19,2.6283977797e-12
5.3280000000e+05,5.3280000000e+05,5.3280000000e+05,5.3280000000e+05,1.4335636997e-18,5.0060569928e-19,3.2495751397e-19,2.6282400813e-12
5.3460000000e+05,5.3460000000e+05,5.3460000000e+05,5.3460000000e+05,1.4636390213e-18,5.0665347720e-19,3.2582298981e-19,2.6280835172e-12
5.3640000000e+05,5.3640000000e+05,5.3640000000e+05,5.3640000000e+05,1.4943426845e-18,5.1285160719e-19,3.2671229065e-19,2.6279280767e-12
5.3820000000e+05,5.3820000000e+05,5.3820000000e+05,5.3820000000e+05,1.5256838141e-18,5.1920293985e-19,3.2762599919e-19,2.6277737495e-12
5.4000000000e+05,5.4000000000e+05,5.4000000000e+05,5.4000000000e+05,1.5576715952e-18,5.2571035882e-19,3.2856470821e-19,2.6276205255e-12
5.4180000000e+05,5.4180000000e+05,5.4180000000e+05,5.4180000000e+05,1.5903152725e-18,5.3237678079e-19,3.2952902066e-19,2.6274683946e-12
5.4360000000e+05,5.4360000000e+05,5.4360000000e+05,5.4360000000e+05,1.6236241504e-18,5.3920515555e-19,3.3051954980e-19,2.6273173467e-12
5.4540000000e+05,5.4540000000e+05,5.4540000000e+05,5.4540000000e+05,1.6576075916e-18,5.4619846602e-19,3.3153691923e-19,2.6271673721e-12
5.4720000000e+05,5.4720000000e+05,5.4720000000e+05,5.4720000000e+05,1.6922750174e-18,5.5335972827e-19,3.3258176302e-19,2.6270184610e-12
5.4900000000e+05,5.4900000000e+05,5.4900000000e+05,5.4900000000e+05,1.7276359068e-18,5.6069199153e-19,3.3365472577e-19,2.6268706040e-12
5.5080000000e+05,5.5080000000e+05,5.5080000000e+05,5.5080000000e+05,1.7636997960e-18,5.6819833824e-19,3.3475646269e-19,2.6267237914e-12
5.5260000000e+05,5.5260000000e+05,5.5260000000e+05,5.5260000000e+05,1.8004762777e-18,5.7588188403e-19,3.3588763974e-19,2.6265780141e-12
5.5440000000e+05,5.5440000000e+05,5.5440000000e+05,5.5440000000e+05,1.8379750011e-18,5.8374577775e-19,3.3704893362e-19,2.6264332627e-12
5.5620000000e+05,5.5620000000e+05,5.5620000000e+05,5.5620000000e+05,1.8762056707e-18,5.9179320145e-19,3.3824103195e-19,2.6262895282e-12
5.5800000000e+05,5.5800000000e+05,5.5800000000e+05,5.5800000000e+05,1.9151780462e-18,6.0002737040e-19,3.3946463329e-19,2.6261468016e-12
5.5980000000e+05,5.5980000000e+05,5.5980000000e+05,5.5980000000e+05,1.9549019418e-18,6.0845153311e-19,3.4072044725e-19,2.6260050740e-12
5.6160000000e+05,5.6160000000e+05,5.6160000000e+05,5.6160000000e+05,1.9953872256e-18,6.1706897126e-19,3.4200919454e-19,2.6258643367e-12
5.6340000000e+05,5.6340000000e+05,5.6340000000e+05,5.6340000000e+05,2.0366438191e-18,6.2588299975e-19,3.4333160711e-19,2.6257245810e-12
5.6520000000e+05,5.6520000000e+05,5.6520000000e+05,5.6520000000e+05,2.0786816966e-18,6.3489696665e-19,3.4468842817e-19,2.6255857984e-12
5.6700000000e+05,5.6700000000e+05,5.6700000000e+05,5.6700000000e+05,2.1215108846e-18,6.4411425319e-19,3.4608041228e-19,2.6254479803e-12
5.6880000000e+05,5.6880000000e+05,5.6880000000e+05,5.6880000000e+05,2.1651414615e-18,6.5353827373e-19,3.4750832546e-19,2.6253111186e-12
5.7060000000e+05,5.7060000000e+05,5.7060000000e+05,5.7060000000e+05,2.2095835564e-18,6.6317247577e-19,3.4897294525e-19,2.6251752049e-12
5.7240000000e+05,5.7240000000e+05,5.7240000000e+05,5.7240000000e+05,2.2548473493e-18,6.7302033987e-19,3.5047506076e-19,2.6250402312e-12
5.7420000000e+05,5.7420000000e+05,5.7420000000e+05,5.7420000000e+05,2.3009430698e-18,6.8308537963e-19,3.5201547279e-19,2.6249061893e-12
5.7600000000e+05,5.7600000000e+05,5.7600000000e+05,5.7600000000e+05,2.3478809971e-18,6.9337114167e-19,3.5359499387e-19,2.6247730714e-12
5.7780000000e+05,5.7780000000e+05,5.7780000000e+05,5.7780000000e+05,2.3956714590e-18,7.0388120556e-19,3.5521444833e-19,2.6246408696e-12
5.7960000000e+05,5.7960000000e+05,5.7960000000e+05,5.7960000000e+05,2.4443248314e-18,7.1461918383e-19,3.5687467243e-19,2.6245095761e-12
5.8140000000e+05,5.8140000000e+05,5.8140000000e+05,5.8140000000e+05,2.4938515378e-18,7.2558872183e-19,3.5857651435e-19,2.6243791834e-12
5.8320000000e+05,5.8320000000e+05,5.8320000000e+05,5.8320000000e+05,2.5442620487e-18,7.3679349776e-19,3.6032083432e-19,2.6242496838e-12
5.8500000000e+05,5.8500000000e+05,5.8500000000e+05,5.8500000000e+05,2.5955668808e-18,7.4823722257e-19,3.6210850467e-19,2.6241210700e-12
5.8680000000e+05,5.8680000000e+05,5.8680000000e+05,5.8680000000e+05,2.6477765968e-18,7.5992363992e-19,3.6394040988e-19,2.6239933344e-12
5.8860000000e+05,5.8860000000e+05,5.8860000000e+05,5.8860000000e+05,2.7009018042e-18,7.7185652609e-19,3.6581744669e-19,2.6238664698e-12
5.9040000000e+05,5.9040000000e+05,5.9040000000e+05,5.9040000000e+05,2.7549531552e-18,7.8403968994e-19,3.6774052414e-19,2.6237404691e-12
5.9220000000e+05,5.9220000000e+05,5.9220000000e+05,5.9220000000e+05,2.8099413459e-18,7.9647697284e-19,3.6971056362e-19,2.6236153250e-12
5.9400000000e+05,5.9400000000e+05,5.9400000000e+05,5.9400000000e+05,2.8658771156e-18,8.0917224855e-19,3.7172849897e-19,2.6234910305e-12
5.9580000000e+05,5.9580000000e+05,5.9580000000e+05,5.9580000000e+05,2.9227712463e-18,8.2212942321e-19,3.7379527653e-19,2.6233675788e-12
5.9760000000e+05,5.9760000000e+05,5.9760000000e+05,5.9760000000e+05,2.9806345622e-18,8.3535243521e-19,3.7591185519e-19,2.6232449628e-12
5.9940000000e+05,5.9940000000e+05,5.9940000000e+05,5.9940000000e+05,3.0394779286e-18,8.4884525512e-19,3.7807920647e-19,2.6231231759e-12
6.0120000000e+05,6.0120000000e+05,6.0120000000e+05,6.0120000000e+05,3.0993122520e-18,8.6261188560e-19,3.8029831456e-19,2.6230022113e-12
6.0300000000e+05,6.0300000000e+05,6.0300000000e+05,6.0300000000e+05,3.1601484788e-18,8.7665636132e-19,3.8257017641e-19,2.6228820623e-12
6.0480000000e+05,6.0480000000e+05,6.0480000000e+05,6.0480000000e+05,3.2219975950e-18,8.9098274885e-19,3.8489580176e-19,2.6227627225e-12
6.0660000000e+05,6.0660000000e+05,6.0660000000e+05,6.0660000000e+05,3.2848706256e-18,9.0559514656e-19,3.8727621321e-19,2.6226441852e-12
6.0840000000e+05,6.0840000000e+05,6.0840000000e+05,6.0840000000e+05,3.3487786340e-18,9.2049768453e-19,3.8971244627e-19,2.6225264442e-12
6.1020000000e+05,6.1020000000e+05,6.1020000000e+05,6.1020000000e+05,3.4137327209e-18,9.3569452446e-19,3.9220554942e-19,2.6224094930e-12
6.1200000000e+05,6.1200000000e+05,6.1200000000e+05,6.1200000000e+05,3.4797440246e-18,9.5118985952e-19,3.9475658418e-19,2.6222933254e-12
6.1380000000e+05,6.1380000000e+05,6.1380000000e+05,6.1380000000e+05,3.5468237194e-18,9.6698791429e-19,3.9736662513e-19,2.6221779352e-12
6.1560000000e+05,6.1560000000e+05,6.1560000000e+05,6.1560000000e+05,3.6149830154e-18,9.8309294460e-19,4.0003675998e-19,2.6220633163e-12
6.1740000000e+05,6.1740000000e+05,6.1740000000e+05,6.1740000000e+05,3.6842331582e-18,9.9950923744e-19,4.0276808963e-19,2.6219494626e-12
6.1920000000e+05,6.1920000000e+05,6.1920000000e+05,6.1920000000e+05,3.7545854277e-18,1.0162411109e-18,4.0556172819e-19,2.6218363681e-12
6.2100000000e+05,6.2100000000e+05,6.2100000000e+05,6.2100000000e+05,3.8260511375e-18,1.0332929138e-18,4.0841880308e-19,2.6217240270e-12
6.2280000000e+05,6.2280000000e+05,6.2280000000e+05,6.2280000000e+05,3.8986416350e-18,1.0506690259e-18,4.1134045501e-19,2.6216124333e-12
6.2460000000e+05,6.2460000000e+05,6.2460000000e+05,6.2460000000e+05,3.9723682996e-18,1.0683738577e-18,4.1432783809e-19,2.6215015812e-12
6.2640000000e+05,6.2640000000e+05,6.2640000000e+05,6.2640000000e+05,4.0472425433e-18,1.0864118500e-18,4.1738211983e-19,2.6213914651e-12
6.2820000000e+05,6.2820000000e+05,6.2820000000e+05,6.2820000000e+05,4.1232758090e-18,1.1047874742e-18,4.2050448122e-19,2.6212820793e-12
6.3000000000e+05,6.3000000000e+05,6.3000000000e+05,6.3000000000e+05,4.2004795708e-18,1.1235052318e-18,4.2369611673e-19,2.6211734181e-12
6.3180000000e+05,6.3180000000e+05,6.3180000000e+05,6.3180000000e+05,4.2788653324e-18,1.1425696546e-18,4.2695823439e-19,2.6210654761e-12
6.3360000000e+05,6.3360000000e+05,6.3360000000e+05,6.3360000000e+05,4.3584446275e-18,1.1619853041e-18,4.3029205582e-19,2.6209582478e-12
6.3540000000e+05,6.3540000000e+05,6.3540000000e+05,6.3540000000e+05,4.4392290183e-18,1.1817567719e-18,4.3369881626e-19,2.6208517276e-12
6.3720000000e+05,6.3720000000e+05,6.3720000000e+05,6.3720000000e+05,4.5212300955e-18,1.2018886792e-18,4.3717976462e-19,2.6207459104e-12
6.3900000000e+05,6.3900000000e+05,6.3900000000e+05,6.3900000000e+05,4.6044594771e-18,1.2223856767e-18,4.4073616351e-19,2.6206407908e-12
6.4080000000e+05,6.4080000000e+05,6.4080000000e+05,6.4080000000e+05,4.6889288083e-18,1.2432524446e-18,4.4436928927e-19,2.6205363634e-12
6.4260000000e+05,6.4260000000e+05,6.4260000000e+05,6.4260000000e+05,4.7746497607e-18,1.2644936921e-18,4.4808043203e-19,2.6204326233e-12
6.4440000000e+05,6.4440000000e+05,6.4440000000e+05,6.4440000000e+05,4.8616340314e-18,1.2861141577e-18,4.5187089570e-19,2.6203295651e-12
6.4620000000e+05,6.4620000000e+05,6.4620000000e+05,6.4620000000e+05,4.9498933428e-18,1.3081186086e-18,4.5574199806e-19,2.6202271840e-12
6.4800000000e+05,6.4800000000e+05,6.4800000000e+05,6.4800000000e+05,5.0394394417e-18,1.3305118411e-18,4.5969507074e-19,2.6201254747e-12
6.4980000000e+05,6.4980000000e+05,6.4980000000e+05,6.4980000000e+05,5.1302840989e-18,1.3532986797e-18,4.6373145928e-19,2.6200244324e-12
6.5160000000e+05,6.5160000000e+05,6.5160000000e+05,6.5160000000e+05,5.2224391081e-18,1.3764839776e-18,4.6785252314e-19,2.6199240522e-12
6.5340000000e+05,6.5340000000e+05,6.5340000000e+05,6.5340000000e+05,5.3159162861e-18,1.4000726161e-18,4.7205963574e-19,2.6198243291e-12
6.5520000000e+05,6.5520000000e+05,6.5520000000e+05,6.5520000000e+05,5.4107274714e-18,1.4240695046e-18,4.7635418450e-19,2.6197252584e-12
6.5700000000e+05,6.5700000000e+05,6.5700000000e+05,6.5700000000e+05,5.5068845238e-18,1.4484795804e-18,4.8073757083e-19,2.6196268353e-12
6.5880000000e+05,6.5880000000e+05,6.5880000000e+05,6.5880000000e+05,5.6043993243e-18,1.4733078087e-18,4.8521121017e-19,2.6195290552e-12
6.6060000000e+05,6.6060000000e+05,6.6060000000e+05,6.6060000000e+05,5.7032837737e-18,1.4985591821e-18,4.8977653204e-19,2.6194319133e-12
6.6240000000e+05,6.6240000000e+05,6.6240000000e+05,6.6240000000e+05,5.8035497924e-18,1.5242387206e-18,4.9443498003e-19,2.6193354050e-12
6.6420000000e+05,6.6420000000e+05,6.6420000000e+05,6.6420000000e+05,5.9052093200e-18,1.5503514714e-18,4.9918801181e-19,2.6192395258e-12
6.6600000000e+05,6.6600000000e+05,6.6600000000e+05,6.6600000000e+05,6.0082743141e-18,1.5769025088e-18,5.0403709920e-19,2.6191442711e-12
6.6780000000e+05,6.6780000000e+05,6.6780000000e+05,6.6780000000e+05,6.1127567504e-18,1.6038969337e-18,5.0898372813e-19,2.6190496366e-12
6.6960000000e+05,6.6960000000e+05,6.6960000000e+05,6.6960000000e+05,6.2186686216e-18,1.6313398740e-18,5.1402939871e-19,2.6189556177e-12
6.7140000000e+05,6.7140000000e+05,6.7140000000e+05,6.7140000000e+05,6.3260219367e-18,1.6592364839e-18,5.1917562521e-19,2.6188622101e-12
6.7320000000e+05,6.7320000000e+05,6.7320000000e+05,6.7320000000e+05,6.4348287210e-18,1.6875919436e-18,5.2442393608e-19,2.6187694095e-12
6.7500000000e+05,6.7500000000e+05,6.7500000000e+05,6.7500000000e+05,6.5451010151e-18,1.7164114599e-18,5.2977587397e-19,2.6186772115e-12
6.7680000000e+05,6.7680000000e+05,6.7680000000e+05,6.7680000000e+05,6.6568508741e-18,1.7457002650e-18,5.3523299576e-19,2.6185856120e-12
6.7860000000e+05,6.7860000000e+05,6.7860000000e+05,6.7860000000e+05,6.7700903675e-18,1.7754636170e-18,5.4079687253e-19,2.6184946067e-12
6.8040000000e+05,6.8040000000e+05,6.8040000000e+05,6.8040000000e+05,6.8848315784e-18,1.8057067997e-18,5.4646908962e-19,2.6184041914e-12
6.8220000000e+05,6.8220000000e+05,6.8220000000e+05,6.8220000000e+05,7.0010866027e-18,1.8364351217e-18,5.5225124659e-19,2.6183143622e-12
6.8400000000e+05,6.8400000000e+05,6.8400000000e+05,6.8400000000e+05,7.1188675490e-18,1.8676539171e-18,5.5814495727e-19,2.6182251148e-12
6.8580000000e+05,6.8580000000e+05,6.8580000000e+05,6.8580000000e+05,7.2381865374e-18,1.8993685447e-18,5.6415184973e-19,2.6181364452e-12
6.8760000000e+05,6.8760000000e+05,6.8760000000e+05,6.8760000000e+05,7.3590556994e-18,1.9315843882e-18,5.7027356632e-19,2.6180483496e-12
6.8940000000e+05,6.8940000000e+05,6.8940000000e+05,6.8940000000e+05,7.4814871774e-18,1.9643068555e-18,5.7651176366e-19,2.6179608238e-12
6.9120000000e+05,6.9120000000e+05,6.9120000000e+05,6.9120000000e+05,7.6054931235e-18,1.9975413789e-18,5.8286811262e-19,2.6178738641e-12
6.9300000000e+05,6.9300000000e+05,6.9300000000e+05,6.9300000000e+05,7.7310856997e-18,2.0312934149e-18,5.8934429837e-19,2.6177874665e-12
6.9480000000e+05,6.9480000000e+05,6.9480000000e+05,6.9480000000e+05,7.8582770767e-18,2.0655684436e-18,5.9594202034e-19,2.6177016271e-12
6.9660000000e+05,6.9660000000e+05,6.9660000000e+05,6.9660000000e+05,7.9870794339e-18,2.1003719691e-18,6.0266299224e-19,2.6176163423e-12
6.9840000000e+05,6.9840000000e+05,6.9840000000e+05,6.9840000000e+05,8.1175049581e-18,2.1357095186e-18,6.0950894206e-19,2.6175316082e-12
7.0020000000e+05,7.0020000000e+05,7.0020000000e+05,7.0020000000e+05,8.2495658439e-18,2.1715866427e-18,6.1648161206e-19,2.6174474212e-12
7.0200000000e+05,7.0200000000e+05,7.0200000000e+05,7.0200000000e+05,8.3832742923e-18,2.2080089151e-18,6.2358275876e-19,2.6173637774e-12
7.0380000000e+05,7.0380000000e+05,7.0380000000e+05,7.0380000000e+05,8.5186425106e-18,2.2449819322e-18,6.3081415295e-19,2.6172806734e-12
7.0560000000e+05,7.0560000000e+05,7.0560000000e+05,7.0560000000e+05,8.6556827117e-18,2.2825113129e-18,6.3817757970e-19,2.6171981054e-12
7.0740000000e+05,7.0740000000e+05,7.0740000000e+05,7.0740000000e+05,8.7944071137e-18,2.3206026987e-18,6.4567483830e-19,2.6171160700e-12
7.0920000000e+05,7.0920000000e+05,7.0920000000e+05,7.0920000000e+05,8.9348279391e-18,2.3592617531e-18,6.5330774229e-19,2.6170345635e-12
7.1100000000e+05,7.1100000000e+05,7.1100000000e+05,7.1100000000e+05,9.0769574144e-18,2.3984941616e-18,6.6107811948e-19,2.6169535825e-12
7.1280000000e+05,7.1280000000e+05,7.1280000000e+05,7.1280000000e+05,9.2208077697e-18,2.4383056313e-18,6.6898781187e-19,2.6168731234e-12
7.1460000000e+05,7.1460000000e+05,7.1460000000e+05,7.1460000000e+05,9.3663912381e-18,2.4787018910e-18,6.7703867568e-19,2.6167931829e-12
7.1640000000e+05,7.1640000000e+05,7.1640000000e+05,7.1640000000e+05,9.5137200547e-18,2.5196886907e-18,6.8523258135e-19,2.6167137575e-12
7.1820000000e+05,7.1820000000e+05,7.1820000000e+05,7.1820000000e+05,9.6628064571e-18,2.5612718014e-18,6.9357141351e-19,2.6166348439e-12
7.2000000000e+05,7.2000000000e+05,7.2000000000e+05,7.2000000000e+05,9.8136626837e-18,2.6034570149e-18,7.0205707095e-19,2.6165564387e-12
7.2180000000e+05,7.2180000000e+05,7.2180000000e+05,7.2180000000e+05,9.9663009740e-18,2.6462501438e-18,7.1069146663e-19,2.6164785386e-12
7.2360000000e+05,7.2360000000e+05,7.2360000000e+05,7.2360000000e+05,1.0120733568e-17,2.6896570208e-18,7.1947652766e-19,2.6164011403e-12
7.2540000000e+05,7.2540000000e+05,7.2540000000e+05,7.2540000000e+05,1.0276972705e-17,2.7336834992e-18,7.2841419527e-19,2.6163242407e-12
7.2720000000e+05,7.2720000000e+05,7.2720000000e+05,7.2720000000e+05,1.0435030624e-17,2.7783354518e-18,7.3750642482e-19,2.6162478364e-12
7.2900000000e+05,7.2900000000e+05,7.2900000000e+05,7.2900000000e+05,1.0594919563e-17,2.8236187712e-18,7.4675518572e-19,2.6161719243e-12
7.3080000000e+05,7.3080000000e+05,7.3080000000e+05,7.3080000000e+05,1.0756651758e-17,2.8695393698e-18,7.5616246149e-19,2.6160965012e-12
7.3260000000e+05,7.3260000000e+05,7.3260000000e+05,7.3260000000e+05,1.0920239443e-17,2.9161031789e-18,7.6573024968e-19,2.6160215640e-12
7.3440000000e+05,7.3440000000e+05,7.3440000000e+05,7.3440000000e+05,1.1085694849e-17,2.9633161489e-18,7.7546056187e-19,2.6159471097e-12
7.3620000000e+05,7.3620000000e+05,7.3620000000e+05,7.3620000000e+05,1.1253030203e-17,3.0111842492e-18,7.8535542366e-19,2.6158731351e-12
7.3800000000e+05,7.3800000000e+05,7.3800000000e+05,7.3800000000e+05,1.1422257730e-17,3.0597134675e-18,7.9541687459e-19,2.6157996372e-12
7.3980000000e+05,7.3980000000e+05,7.3980000000e+05,7.3980000000e+05,1.1593389651e-17,3.1089098101e-18,8.0564696820e-19,2.6157266130e-12
7.4160000000e+05,7.4160000000e+05,7.4160000000e+05,7.4160000000e+05,1.1766438180e-17,3.1587793012e-18,8.1604777192e-19,2.6156540595e-12
7.4340000000e+05,7.4340000000e+05,7.4340000000e+05,7.4340000000e+05,1.1941415528e-17,3.2093279831e-18,8.2662136711e-19,2.6155819738e-12
7.4520000000e+05,7.4520000000e+05,7.4520000000e+05,7.4520000000e+05,1.2118333899e-17,3.2605619154e-18,8.3736984898e-19,2.6155103530e-12
7.4700000000e+05,7.4700000000e+05,7.4700000000e+05,7.4700000000e+05,1.2297205494e-17,3.3124871756e-18,8.4829532660e-19,2.6154391940e-12
7.4880000000e+05,7.4880000000e+05,7.4880000000e+05,7.4880000000e+05,1.2478042503e-17,3.3651098580e-18,8.5939992285e-19,2.6153684942e-12
7.5060000000e+05,7.5060000000e+05,7.5060000000e+05,7.5060000000e+05,1.2660857111e-17,3.4184360741e-18,8.7068577439e-19,2.6152982506e-12
7.5240000000e+05,7.5240000000e+05,7.5240000000e+05,7.5240000000e+05,1.2845661497e-17,3.4724719520e-18,8.8215503162e-19,2.6152284603e-12
7.5420000000e+05,7.5420000000e+05,7.5420000000e+05,7.5420000000e+05,1.3032467831e-17,3.5272236363e-18,8.9380985868e-19,2.6151591207e-12
7.5600000000e+05,7.5600000000e+05,7.5600000000e+05,7.5600000000e+05,1.3221288273e-17,3.5826972879e-18,9.0565243339e-19,2.6150902290e-12
7.5780000000e+05,7.5780000000e+05,7.5780000000e+05,7.5780000000e+05,1.3412134977e-17,3.6388990838e-18,9.1768494720e-19,2.6150217823e-12
7.5960000000e+05,7.5960000000e+05,7.5960000000e+05,7.5960000000e+05,1.3605020086e-17,3.6958352167e-18,9.2990960519e-19,2.6149537780e-12
7.6140000000e+05,7.6140000000e+05,7.6140000000e+05,7.6140000000e+05,1.3799955734e-17,3.7535118950e-18,9.4232862603e-19,2.6148862135e-12
7.6320000000e+05,7.6320000000e+05,7.6320000000e+05,7.6320000000e+05,1.3996954044e-17,3.8119353422e-18,9.5494424190e-19,2.6148190859e-12
7.6500000000e+05,7.6500000000e+05,7.6500000000e+05,7.6500000000e+05,1.4196027130e-17,3.8711117971e-18,9.6775869852e-19,2.6147523927e-12
7.6680000000e+05,7.6680000000e+05,7.6680000000e+05,7.6680000000e+05,1.4397187093e-17,3.9310475134e-18,9.8077425503e-19,2.6146861313e-12
7.6860000000e+05,7.6860000000e+05,7.6860000000e+05,7.6860000000e+05,1.4600446025e-17,3.9917487593e-18,9.9399318404e-19,2.6146202990e-12
7.7040000000e+05,7.7040000000e+05,7.7040000000e+05,7.7040000000e+05,1.4805816004e-17,4.0532218174e-18,1.0074177715e-18,2.6145548933e-12
7.7220000000e+05,7.7220000000e+05,7.7220000000e+05,7.7220000000e+05,1.5013309096e-17,4.1154729848e-18,1.0210503168e-18,2.6144899116e-12
7.7400000000e+05,7.7400000000e+05,7.7400000000e+05,7.7400000000e+05,1.5222937357e-17,4.1785085720e-18,1.0348931324e-18,2.6144253515e-12
7.7580000000e+05,7.7580000000e+05,7.7580000000e+05,7.7580000000e+05,1.5434712826e-17,4.2423349038e-18,1.0489485443e-18,2.6143612103e-12
7.7760000000e+05,7.7760000000e+05,7.7760000000e+05,7.7760000000e+05,1.5648647531e-17,4.3069583179e-18,1.0632188916e-18,2.6142974857e-12
7.7940000000e+05,7.7940000000e+05,7.7940000000e+05,7.7940000000e+05,1.5864753486e-17,4.3723851657e-18,1.0777065264e-18,2.6142341751e-12
7.8120000000e+05,7.8120000000e+05,7.8120000000e+05,7.8120000000e+05,1.6083042690e-17,4.4386218114e-18,1.0924138142e-18,2.6141712761e-12
7.8300000000e+05,7.8300000000e+05,7.8300000000e+05,7.8300000000e+05,1.6303527128e-17,4.5056746321e-18,1.1073431335e-18,2.6141087863e-12
7.8480000000e+05,7.8480000000e+05,7.8480000000e+05,7.8480000000e+05,1.6526218769e-17,4.5735500174e-18,1.1224968756e-18,2.6140467033e-12
7.8660000000e+05,7.8660000000e+05,7.8660000000e+05,7.8660000000e+05,1.6751129567e-17,4.6422543690e-18,1.1378774451e-18,2.6139850248e-12
7.8840000000e+05,7.8840000000e+05,7.8840000000e+05,7.8840000000e+05,1.6978271460e-17,4.7117941012e-18,1.1534872594e-18,2.6139237483e-12
7.9020000000e+05,7.9020000000e+05,7.9020000000e+05,7.9020000000e+05,1.7207656371e-17,4.7821756396e-18,1.1693287487e-18,2.6138628715e-12
7.9200000000e+05,7.9200000000e+05,7.9200000000e+05,7.9200000000e+05,1.7439296205e-17,4.8534054219e-18,1.1854043562e-18,2.6138023921e-12
7.9380000000e+05,7.9380000000e+05,7.9380000000e+05,7.9380000000e+05,1.7673202851e-17,4.9254898968e-18,1.2017165377e-18,2.6137423079e-12
7.9560000000e+05,7.9560000000e+05,7.9560000000e+05,7.9560000000e+05,1.7909388179e-17,4.9984355246e-18,1.2182677619e-18,2.6136826165e-12
7.9740000000e+05,7.9740000000e+05,7.9740000000e+05,7.9740000000e+05,1.8147864043e-17,5.0722487761e-18,1.2350605100e-18,2.6136233157e-12
7.9920000000e+05,7.9920000000e+05,7.9920000000e+05,7.9920000000e+05,1.8388642280e-17,5.1469361332e-18,1.2520972761e-18,2.6135644033e-12
8.0100000000e+05,8.0100000000e+05,8.0100000000e+05,8.0100000000e+05,1.8631734705e-17,5.2225040880e-18,1.2693805666e-18,2.6135058770e-12
8.0280000000e+05,8.0280000000e+05,8.0280000000e+05,8.0280000000e+05,1.8877153117e-17,5.2989591429e-18,1.2869129005e-18,2.6134477346e-12
8.0460000000e+05,8.0460000000e+05,8.0460000000e+05,8.0460000000e+05,1.9124909295e-17,5.3763078106e-18,1.3046968094e-18,2.6133899740e-12
8.0640000000e+05,8.0640000000e+05,8.0640000000e+05,8.0640000000e+05,1.9375014999e-17,5.4545566132e-18,1.3227348371e-18,2.6133325930e-12
8.0820000000e+05,8.0820000000e+05,8.0820000000e+05,8.0820000000e+05,1.9627481968e-17,5.5337120828e-18,1.3410295399e-18,2.6132755895e-12
8.1000000000e+05,8.1000000000e+05,8.1000000000e+05,8.1000000000e+05,1.9882321924e-17,5.6137807604e-18,1.3595834863e-18,2.6132189613e-12
8.1180000000e+05,8.1180000000e+05,8.1180000000e+05,8.1180000000e+05,2.0139546564e-17,5.6947691964e-18,1.3783992571e-18,2.6131627063e-12
8.1360000000e+05,8.1360000000e+05,8.1360000000e+05,8.1360000000e+05,2.0399167568e-17,5.7766839502e-18,1.3974794453e-18,2.6131068225e-12
8.1540000000e+05,8.1540000000e+05,8.1540000000e+05,8.1540000000e+05,2.0661196592e-17,5.8595315896e-18,1.4168266560e-18,2.6130513078e-12
8.1720000000e+05,8.1720000000e+05,8.1720000000e+05,8.1720000000e+05,2.0925645273e-17,5.9433186910e-18,1.4364435062e-18,2.6129961601e-12
8.1900000000e+05,8.1900000000e+05,8.1900000000e+05,8.1900000000e+05,2.1192525224e-17,6.0280518391e-18,1.4563326252e-18,2.6129413773e-12
8.2080000000e+05,8.2080000000e+05,8.2080000000e+05,8.2080000000e+05,2.1461848039e-17,6.1137376264e-18,1.4764966541e-18,2.6128869576e-12
8.2260000000e+05,8.2260000000e+05,8.2260000000e+05,8.2260000000e+05,2.1733625286e-17,6.2003826533e-18,1.4969382457e-18,2.6128328988e-12
8.2440000000e+05,8.2440000000e+05,8.2440000000e+05,8.2440000000e+05,2.2007868512e-17,6.2879935278e-18,1.5176600650e-18,2.6127791990e-12
8.2620000000e+05,8.2620000000e+05,8.2620000000e+05,8.2620000000e+05,2.2284589242e-17,6.3765768653e-18,1.5386647884e-18,2.6127258562e-12
8.2800000000e+05,8.2800000000e+05,8.2800000000e+05,8.2800000000e+05,2.2563798976e-17,6.4661392881e-18,1.5599551042e-18,2.6126728685e-12
8.2980000000e+05,8.2980000000e+05,8.2980000000e+05,8.2980000000e+05,2.2845509190e-17,6.5566874255e-18,1.5815337122e-18,2.6126202339e-12
8.3160000000e+05,8.3160000000e+05,8.3160000000e+05,8.3160000000e+05,2.3129731339e-17,6.6482279137e-18,1.6034033239e-18,2.6125679505e-12
8.3340000000e+05,8.3340000000e+05,8.3340000000e+05,8.3340000000e+05,2.3416476851e-17,6.7407673950e-18,1.6255666622e-18,2.6125160164e-12
8.3520000000e+05,8.3520000000e+05,8.3520000000e+05,8.3520000000e+05,2.3705757129e-17,6.8343125182e-18,1.6480264615e-18,2.6124644297e-12
8.3700000000e+05,8.3700000000e+05,8.3700000000e+05,8.3700000000e+05,2.3997583555e-17,6.9288699381e-18,1.6707854675e-18,2.6124131886e-12
8.3880000000e+05,8.3880000000e+05,8.3880000000e+05,8.3880000000e+05,2.4291967482e-17,7.0244463152e-18,1.6938464374e-18,2.6123622911e-12
8.4060000000e+05,8.4060000000e+05,8.4060000000e+05,8.4060000000e+05,2.4588920240e-17,7.1210483157e-18,1.7172121393e-18,2.6123117355e-12
8.4240000000e+05,8.4240000000e+05,8.4240000000e+05,8.4240000000e+05,2.4888453132e-17,7.2186826112e-18,1.7408853528e-18,2.6122615199e-12
8.4420000000e+05,8.4420000000e+05,8.4420000000e+05,8.4420000000e+05,2.5190577436e-17,7.3173558784e-18,1.7648688684e-18,2.6122116425e-12
8.4600000000e+05,8.4600000000e+05,8.4600000000e+05,8.4600000000e+05,2.5495304404e-17,7.4170747990e-18,1.7891654877e-18,2.6121621015e-12
8.4780000000e+05,8.4780000000e+05,8.4780000000e+05,8.4780000000e+05,2.5802645261e-17,7.5178460595e-18,1.8137780234e-18,2.6121128951e-12
8.4960000000e+05,8.4960000000e+05,8.4960000000e+05,8.4960000000e+05,2.6112611205e-17,7.6196763509e-18,1.8387092988e-18,2.6120640216e-12
8.5140000000e+05,8.5140000000e+05,8.5140000000e+05,8.5140000000e+05,2.6425213408e-17,7.7225723684e-18,1.8639621483e-18,2.6120154792e-12
8.5320000000e+05,8.5320000000e+05,8.5320000000e+05,8.5320000000e+05,2.6740463015e-17,7.8265408115e-18,1.8895394170e-18,2.6119672661e-12
8.5500000000e+05,8.5500000000e+05,8.5500000000e+05,8.5500000000e+05,2.7058371143e-17,7.9315883836e-18,1.9154439607e-18,2.6119193806e-12
8.5680000000e+05,8.5680000000e+05,8.5680000000e+05,8.5680000000e+05,2.7378948881e-17,8.0377217917e-18,1.9416786456e-18,2.6118718211e-12
8.5860000000e+05,8.5860000000e+05,8.5860000000e+05,8.5860000000e+05,2.7702207290e-17,8.1449477464e-18,1.9682463488e-18,2.6118245858e-12
8.6040000000e+05,8.6040000000e+05,8.6040000000e+05,8.6040000000e+05,2.8028157404e-17,8.2532729614e-18,1.9951499577e-18,2.6117776730e-12
8.6220000000e+05,8.6220000000e+05,8.6220000000e+05,8.6220000000e+05,2.8356810228e-17,8.3627041538e-18,2.0223923701e-18,2.6117310810e-12
8.6400000000e+05,8.6400000000e+05,8.6400000000e+05,8.6400000000e+05,2.8688176738e-17,8.4732480433e-18,2.0499764941e-18,2.6116848083e-12
8.6580000000e+05,8.6580000000e+05,8.6580000000e+05,8.6580000000e+05,2.9022267882e-17,8.5849113523e-18,2.0779052483e-18,2.6116388531e-12
8.6760000000e+05,8.6760000000e+05,8.6760000000e+05,8.6760000000e+05,2.9359094579e-17,8.6977008059e-18,2.1061815612e-18,2.6115932138e-12
8.6940000000e+05,8.6940000000e+05,8.6940000000e+05,8.6940000000e+05,2.9698667716e-17,8.8116231313e-18,2.1348083715e-18,2.6115478888e-12
8.7120000000e+05,8.7120000000e+05,8.7120000000e+05,8.7120000000e+05,3.0040998155e-17,8.9266850578e-18,2.1637886280e-18,2.6115028765e-12
8.7300000000e+05,8.7300000000e+05,8.7300000000e+05,8.7300000000e+05,3.0386096724e-17,9.0428933166e-18,2.1931252896e-18,2.6114581752e-12
8.7480000000e+05,8.7480000000e+05,8.7480000000e+05,8.7480000000e+05,3.0733974225e-17,9.1602546405e-18,2.2228213247e-18,2.6114137835e-12
8.7660000000e+05,8.7660000000e+05,8.7660000000e+05,8.7660000000e+05,3.1084641426e-17,9.2787757639e-18,2.2528797120e-18,2.6113696997e-12
8.7840000000e+05,8.7840000000e+05,8.7840000000e+05,8.7840000000e+05,3.1438109068e-17,9.3984634224e-18,2.2833034397e-18,2.6113259223e-12
8.8020000000e+05,8.8020000000e+05,8.8020000000e+05,8.8020000000e+05,3.1794387859e-17,9.5193243527e-18,2.3140955055e-18,2.6112824498e-12
8.8200000000e+05,8.8200000000e+05,8.8200000000e+05,8.8200000000e+05,3.2153488477e-17,9.6413652924e-18,2.3452589172e-18,2.6112392805e-12
8.8380000000e+05,8.8380000000e+05,8.8380000000e+05,8.8380000000e+05,3.2515421570e-17,9.7645929799e-18,2.3767966915e-18,2.6111964130e-12
8.8560000000e+05,8.8560000000e+05,8.8560000000e+05,8.8560000000e+05,3.2880197754e-17,9.8890141539e-18,2.4087118551e-18,2.6111538457e-12
8.8740000000e+05,8.8740000000e+05,8.8740000000e+05,8.8740000000e+05,3.3247827613e-17,1.0014635554e-17,2.4410074438e-18,2.6111115772e-12
8.8920000000e+05,8.8920000000e+05,8.8920000000e+05,8.8920000000e+05,3.3618321701e-17,1.0141463918e-17,2.4736865026e-18,2.6110696060e-12
8.9100000000e+05,8.9100000000e+05,8.9100000000e+05,8.9100000000e+05,3.3991690539e-17,1.0269505987e-17,2.5067520861e-18,2.6110279306e-12
8.9280000000e+05,8.9280000000e+05,8.9280000000e+05,8.9280000000e+05,3.4367944618e-17,1.0398768499e-17,2.5402072575e-18,2.6109865495e-12
8.9460000000e+05,8.9460000000e+05,8.9460000000e+05,8.9460000000e+05,3.4747094394e-17,1.0529258192e-17,2.5740550896e-18,2.6109454613e-12
8.9640000000e+05,8.9640000000e+05,8.9640000000e+05,8.9640000000e+05,3.5129150293e-17,1.0660981805e-17,2.6082986638e-18,2.6109046645e-12
8.9820000000e+05,8.9820000000e+05,8.9820000000e+05,8.9820000000e+05,3.5514122707e-17,1.0793946075e-17,2.6429410707e-18,2.6108641577e-12
9.0000000000e+05,9.0000000000e+05,9.0000000000e+05,9.0000000000e+05,3.5902021998e-17,1.0928157737e-17,2.6779854094e-18,2.6108239395e-12
9.0180000000e+05,9.0180000000e+05,9.0180000000e+05,9.0180000000e+05,3.6292858492e-17,1.1063623527e-17,2.7134347881e-18,2.6107840084e-12
9.0360000000e+05,9.0360000000e+05,9.0360000000e+05,9.0360000000e+05,3.6686642485e-17,1.1200350177e-17,2.7492923235e-18,2.6107443631e-12
9.0540000000e+05,9.0540000000e+05,9.0540000000e+05,9.0540000000e+05,3.7083384238e-17,1.1338344421e-17,2.7855611408e-18,2.6107050022e-12
9.0720000000e+05,9.0720000000e+05,9.0720000000e+05,9.0720000000e+05,3.7483093979e-17,1.1477612988e-17,2.8222443740e-18,2.6106659243e-12
9.0900000000e+05,9.0900000000e+05,9.0900000000e+05,9.0900000000e+05,3.7885781904e-17,1.1618162607e-17,2.8593451653e-18,2.6106271280e-12
9.1080000000e+05,9.1080000000e+05,9.1080000000e+05,9.1080000000e+05,3.8291458173e-17,1.1760000005e-17,2.8968666653e-18,2.6105886119e-12
9.1260000000e+05,9.1260000000e+05,9.1260000000e+05,9.1260000000e+05,3.8700132915e-17,1.1903131904e-17,2.9348120331e-18,2.6105503748e-12
9.1440000000e+05,9.1440000000e+05,9.1440000000e+05,9.1440000000e+05,3.9111816223e-17,1.2047565027e-17,2.9731844356e-18,2.6105124152e-12
9.1620000000e+05,9.1620000000e+05,9.1620000000e+05,9.1620000000e+05,3.9526518158e-17,1.2193306093e-17,3.0119870482e-18,2.6104747319e-12
9.1800000000e+05,9.1800000000e+05,9.1800000000e+05,9.1800000000e+05,3.9944248745e-17,1.2340361818e-17,3.0512230542e-18,2.6104373235e-12
9.1980000000e+05,9.1980000000e+05,9.1980000000e+05,9.1980000000e+05,4.0365017975e-17,1.2488738915e-17,3.0908956448e-18,2.6104001888e-12
9.2160000000e+05,9.2160000000e+05,9.2160000000e+05,9.2160000000e+05,4.0788835807e-17,1.2638444095e-17,3.1310080192e-18,2.6103633263e-12
9.2340000000e+05,9.2340000000e+05,9.2340000000e+05,9.2340000000e+05,4.1215712162e-17,1.2789484065e-17,3.1715633843e-18,2.6103267348e-12
9.2520000000e+05,9.2520000000e+05,9.2520000000e+05,9.2520000000e+05,4.1645656929e-17,1.2941865528e-17,3.2125649549e-18,2.6102904131e-12
9.2700000000e+05,9.2700000000e+05,9.2700000000e+05,9.2700000000e+05,4.2078679960e-17,1.3095595183e-17,3.2540159532e-18,2.6102543599e-12
9.2880000000e+05,9.2880000000e+05,9.2880000000e+05,9.2880000000e+05,4.2514791074e-17,1.3250679727e-17,3.2959196092e-18,2.6102185738e-12
9.3060000000e+05,9.3060000000e+05,9.3060000000e+05,9.3060000000e+05,4.2954000055e-17,1.3407125852e-17,3.3382791603e-18,2.6101830537e-12
9.3240000000e+05,9.3240000000e+05,9.3240000000e+05,9.3240000000e+05,4.3396316650e-17,1.3564940247e-17,3.3810978513e-18,2.6101477983e-12
9.3420000000e+05,9.3420000000e+05,9.3420000000e+05,9.3420000000e+05,4.3841750573e-17,1.3724129593e-17,3.4243789342e-18,2.6101128064e-12
9.3600000000e+05,9.3600000000e+05,9.3600000000e+05,9.3600000000e+05,4.4290311500e-17,1.3884700572e-17,3.4681256684e-18,2.6100780767e-12
9.3780000000e+05,9.3780000000e+05,9.3780000000e+05,9.3780000000e+05,4.4742009074e-17,1.4046659857e-17,3.5123413205e-18,2.6100436080e-12
9.3960000000e+05,9.3960000000e+05,9.3960000000e+05,9.3960000000e+05,4.5196852901e-17,1.4210014119e-17,3.5570291641e-18,2.6100093991e-12
9.4140000000e+05,9.4140000000e+05,9.4140000000e+05,9.4140000000e+05,4.5654852551e-17,1.4374770021e-17,3.6021924798e-18,2.6099754488e-12
9.4320000000e+05,9.4320000000e+05,9.4320000000e+05,9.4320000000e+05,4.6116017560e-17,1.4540934225e-17,3.6478345551e-18,2.6099417559e-12
9.4500000000e+05,9.4500000000e+05,9.4500000000e+05,9.4500000000e+05,4.6580357427e-17,1.4708513385e-17,3.6939586845e-18,2.6099083193e-12
9.4680000000e+05,9.4680000000e+05,9.4680000000e+05,9.4680000000e+05,4.7047881614e-17,1.4877514150e-17,3.7405681690e-18,2.6098751377e-12
9.4860000000e+05,9.4860000000e+05,9.4860000000e+05,9.4860000000e+05,4.7518599549e-17,1.5047943164e-17,3.7876663165e-18,2.6098422100e-12
9.5040000000e+05,9.5040000000e+05,9.5040000000e+05,9.5040000000e+05,4.7992520621e-17,1.5219807064e-17,3.8352564415e-18,2.6098095350e-12
9.5220000000e+05,9.5220000000e+05,9.5220000000e+05,9.5220000000e+05,4.8469654185e-17,1.5393112483e-17,3.8833418648e-18,2.6097771115e-12
9.5400000000e+05,9.5400000000e+05,9.5400000000e+05,9.5400000000e+05,4.8950009560e-17,1.5567866047e-17,3.9319259139e-18,2.6097449385e-12
9.5580000000e+05,9.5580000000e+05,9.5580000000e+05,9.5580000000e+05,4.9433596026e-17,1.5744074377e-17,3.9810119224e-18,2.6097130148e-12
9.5760000000e+05,9.5760000000e+05,9.5760000000e+05,9.5760000000e+05,4.9920422828e-17,1.5921744084e-17,4.0306032305e-18,2.6096813392e-12
9.5940000000e+05,9.5940000000e+05,9.5940000000e+05,9.5940000000e+05,5.0410499175e-17,1.6100881778e-17,4.0807031843e-18,2.6096499107e-12
9.6120000000e+05,9.6120000000e+05,9.6120000000e+05,9.6120000000e+05,5.0903834238e-17,1.6281494059e-17,4.1313151362e-18,2.6096187281e-12
9.6300000000e+05,9.6300000000e+05,9.6300000000e+05,9.6300000000e+05,5.1400437152e-17,1.6463587520e-17,4.1824424445e-18,2.6095877903e-12
9.6480000000e+05,9.6480000000e+05,9.6480000000e+05,9.6480000000e+05,5.1900317015e-17,1.6647168748e-17,4.2340884735e-18,2.6095570962e-12
9.6660000000e+05,9.6660000000e+05,9.6660000000e+05,9.6660000000e+05,5.2403482887e-17,1.6832244324e-17,4.2862565935e-18,2.6095266448e-12
9.6840000000e+05,9.6840000000e+05,9.6840000000e+05,9.6840000000e+05,5.2909943793e-17,1.7018820820e-17,4.3389501804e-18,2.6094964349e-12
9.7020000000e+05,9.7020000000e+05,9.7020000000e+05,9.7020000000e+05,5.3419708719e-17,1.7206904803e-17,4.3921726159e-18,2.6094664655e-12
9.7200000000e+05,9.7200000000e+05,9.7200000000e+05,9.7200000000e+05,5.3932786615e-17,1.7396502829e-17,4.4459272873e-18,2.6094367354e-12
